"ID","Age_Frac","DG_UG_RT_Diff_log","Session","Online","UG_Offer_Accept","it_P6","lr_P6","eg_P6","w_P6","st_P6","repst_P6","w_lo","w_hi","w_diff","Perc_Delay","Corr_r_Exp_Delay","Corr_int_Exp_Delay","Corr_r_Exp_Reward","Corr_int_Exp_Reward","School","Gender","T_Vocab","T_Matrix","Age_Frac_Imp","Corsi_WM_Span","AXCPT_t","CogFlex_t","SSRT","FlankerSwitch_t","FlankerInhib_t","Stroop_t","OneBack_WM_t","TwoBack_WM_t","Flank_Cong_Cost_t","Flank_Incon_Cost_t","SES_inv_z","DG_UG_Diff_z","DG_Coins_Given_z","UG_Coins_Given_z","DG_RT_log","UG_RT_log","UG_Decision_RT_log","TD_AvgRT_log"
1,12.44444444,NA,0,0,0,0.619786861,0.437226906,0.419932105,0.425787915,-0.177438966,-0.709067003,0.397752097,0.519318887,0.12156679,11.11111111,-1.114,2.954,0.498,0.824999999999998,"Trevor Roberts School","M",62,66,12.44444444,7,-0.69626033,0.52402228,-0.7986784,0.035288543,-0.30361754,-0.81804502,0.95833331,0.85119045,-1.59496066154516,-0.965298363301635,0.226732272210054,0.149310244316598,-0.0070589880824997,0.325562257348941,-1.14167177812856,-0.49912891156022,-1.7556140225917,-6.6091113838838
1,12.71388889,NA,1,0,0,0.485094982,0.615672925,0.532913611,0.699567002,-0.344481723,-0.047430309,0.698605764,0.516724483,-0.181881282,33.33333333,-0.0811428571428571,2.564,-0.518,0.210000000000001,"Trevor Roberts School","M",40,71,12.71388889,7,-0.44495177,0.12808843,-0.14804985,0.18472126,0.32162109,0.35897309,0.92261904,0.39285713,-0.925477449401778,-0.933016167997608,0.226732272210054,-0.667504621650672,0.804724641404971,0.325562257348941,-0.329063910470416,-0.300633553266636,-0.896765346142981,-6.43810714206152
4,11.83888889,NA,0,0,1,0.804931949,0.698279453,0.486952212,0.528113843,-0.435024954,-0.862133573,0.586406541,0.443931417,-0.142475124,11.11111111,-1.26628571428571,3.38866666666667,0.1095,4.27,"Trevor Roberts School","F",55,50,11.83888889,5,0.43176001,1.1524714,0.028908417,0.24271375,0.56363714,-0.013836659,0.95833331,0.88095242,-0.576215707601962,-1.46430298422718,-0.587074633430099,0.149310244316598,-0.0070589880824997,0.325562257348941,-0.689473775360916,0.187707463183747,-1.2706028866237,-7.00129919440494
4,12.05277778,0.263717560960256,1,0,1,1.682977546,0.89251716,0.575891066,0.813526923,0.020954893,-0.384510538,0.684714026,0.77086744,0.086153414,5.555555556,-0.406,4.98086423526667,0,-4.285,"Trevor Roberts School","F",59,56,12.05277778,6,0.021285813,0.054429129,-0.82912445,0.71670264,0.18590266,-0.33702955,0.72619045,0.88095242,0.212683064687765,-0.974938013362034,-0.587074633430099,-0.667504621650672,-0.0070589880824997,-1.69292373821449,-0.698963566047085,-1.0223995389721,-2.57154295644755,-7.99652297191026
5,7.611111111,NA,0,0,0,0.880334336,0.75515442,0.530449478,0.770191549,-0.589862289,-0.083493656,0.596198059,0.728795531,0.132597472,55.55555556,-0.938,6.14133333333333,1.1315,-3.235,"Trevor Roberts School","M",66,55,7.611111111,4,-0.43376431,-1.0933236,-1.5001835,0.52575868,-0.14000142,-0.20542419,0.60714287,-0.023809522,0.805891766630598,0.64169276396088,1.04053917785021,0.966125110283867,-0.81884261756997,0.325562257348941,-0.816470396591944,-0.509910919751798,-0.992881334035868,-7.90148019115554
5,7.827777778,2.52216358170248,1,0,1,0.409825854,0.499237962,0.51139577,0.629592973,-0.672821601,-0.27613709,0.549945241,0.588954005,0.039008764,88.88888889,1.27342857142857,-1.892,-0.616,4.34,"Trevor Roberts School","M",66,64,7.827777778,4,0.39558858,-0.2653816,-0.70781165,-0.5729717,-0.74660373,-0.44831339,0.58333331,0.083333336,-1.59496066154516,0.200540527801456,1.04053917785021,0.149310244316598,-0.0070589880824997,0.325562257348941,-1.04239460866988,-1.07031079082802,-2.1797392629952,-6.79761210283705
8,6.747222222,NA,0,0,0,0.651550591,0.764536677,0.577140994,0.582382692,0.588800097,0.396508511,0.524378991,0.552532853,0.028153862,27.77777778,0.482,-5,0,5,"Trevor Roberts School","M",66,61,6.747222222,4,-0.61493778,-0.97204232,-1.489266,0.18472126,-0.47577065,1.0833558,0.88690472,0.5,-0.113436937480877,0.754784304929573,0.226732272210054,-0.667504621650672,0.804724641404971,0.325562257348941,-0.352767319107715,-1.11486052063105,-2.56687058763943,-6.43810714206152
8,6.952777778,NA,1,0,1,0.563162541,0.299826753,0.378695025,0.430494498,0.247020863,0.520969038,0.613518854,0.332382463,-0.281136391,0,-2.28571428571429,9.66666666666667,0,-5,"Trevor Roberts School","M",78,45,6.952777778,5,-0.23740724,-0.43639031,-0.91425878,1.0664139,-0.12376183,1.2831836,0.77380955,0.29761904,1.60318920675161,0.604492824247514,0.226732272210054,1.78293997625114,-1.63062624705744,0.325562257348941,-1.40540230281515,-1.35984037690613,-2.0370558251834,-7.20121474809142
15,10.6,-0.390995852148836,0,0,0,0.553741721,0.489282374,0.530106537,0.448529022,-0.303803053,-1.62966066,0.490651938,0.45449144,-0.036160498,72.22222222,-0.736,5.446,1.1665,-3.515,"Trevor Roberts School","M",55,62,10.6,6,-0.59790361,-0.13339992,0.016326882,-0.67934048,-0.24674702,0.085988529,0.83333331,0.83333331,-0.925477449401778,-0.30504831557546,0.226732272210054,-0.667504621650672,0.804724641404971,0.325562257348941,-0.418600679504151,-1.09804069667386,-2.56687058763943,-7.69142848624145
15,10.85277778,NA,1,0,0,0.560021188,0.400008402,0.458343557,0.508016348,0.154834515,-0.791103884,0.492307937,0.515233537,0.0229256,100,2.348,-7.228,-0.0569999999999999,4.44,"Trevor Roberts School","M",59,77,10.85277778,6,-0.80452991,0.60608149,0.92464268,-0.67934048,-0.26113316,0.83778346,0.91666669,0.88095242,-1.7070946194328,-0.680902828351654,0.226732272210054,0.149310244316598,-0.0070589880824997,0.325562257348941,-0.73923528459354,-0.710214978971318,-1.6963492844234,-7.12635518997859
16,7.197222222,1.81239958852278,0,0,0,0.385800987,0.468626797,0.505633705,0.401140762,0.907178319,-0.672686147,0.495339024,0.409761628,-0.085577396,44.44444444,-1.93057142857143,7.79533333333333,1.2555,-4.285,"Trevor Roberts School","F",62,68,7.197222222,5,0.86375034,-0.33051187,0.89144379,0.7881071,0.77219027,-0.5241816,0.95833331,0.20238094,0.0273509650550008,-0.955549813015145,0.226732272210054,0.149310244316598,-0.0070589880824997,0.325562257348941,-1.31430593609984,-1.35723329202115,-2.04820883924874,-7.53330742027516
16,7.455555556,NA,1,0,1,0.450977686,0.784068072,0.495056512,0.299910153,0.108238311,-0.089680394,0.431138138,0.458367723,0.021273231,0,-1.26628571428571,5.02133333333333,-0.714,4.908854167,"Trevor Roberts School","F",79,75,7.455555556,5,-0.22939122,0.86804646,2.6103024,0.48488712,-0.10443524,-0.50354654,0.92261904,0.11904763,-0.00155718467900384,0.604492824247514,0.226732272210054,-0.667504621650672,0.804724641404971,0.325562257348941,-0.82789658111156,-1.29960760679826,-2.1797392629952,-7.21255471560658
19,6.769444444,NA,0,0,0,0.681490963,0.30508083,0.414454996,0.404917061,0.185663416,-1.209576967,0.370325967,0.542768722,0.172442755,33.33333333,-0.986571428571428,4.988,0.5065,0.895,"Trevor Roberts School","M",59,65,6.769444444,6,0.063949138,0.68033564,-0.21713099,0.04069123,0.0011588037,0.94613451,0.88690472,0.71428573,-1.04068777574484,-1.03486701182387,-1.40088153907025,0.149310244316598,-0.81884261756997,-1.69292373821449,-1.54592997110668,-1.16024480583831,-2.11432594353334,-7.36830257268893
19,6.997222222,-0.133885496797239,1,0,0,0.613016679,0.429002575,0.419465985,0.547193473,0.107625192,-1.145567207,0.557035417,0.49577441,-0.061261007,22.22222222,0.52,-0.793333333333333,-0.329,0.175,"Trevor Roberts School","M",55,65,6.997222222,5,0.73114818,1.0434459,0.02221881,0.066326126,0.52717686,0.80256301,0.85119045,0.6785714,-0.641356388217716,-0.974938013362034,-1.40088153907025,-0.667504621650672,0.804724641404971,0.325562257348941,-0.664318944894641,-1.12701462018973,-1.92103180493219,-7.29260187156782
21,9.669444444,0.569161200778954,0,0,0,1.639477776,0.946439273,0.671217959,0.939520573,0.184067594,0.05934138,0.913596248,0.842388086,-0.071208162,22.22222222,-1.07028571428571,1.816,0.974,-2.71,"Trevor Roberts School","F",51,42,9.669444444,5,-0.41041857,0.21627696,-0.67146492,0.82414269,-0.094139278,-0.515517,0.92261904,0.79761904,-1.27210517205658,-1.15902930145474,-0.587074633430099,-1.48431948761794,0.804724641404971,-1.69292373821449,-0.902597404742153,-1.10922246778013,-2.09777249836456,-7.29979736675816
21,9.866666667,NA,1,0,0,1.310256887,0.888539707,0.671671,0.733725927,-0.10549867,-0.219548817,0.62575346,0.68907852,0.06332506,27.77777778,0.795428571428572,-0.790666666666668,-0.3195,1.765,"Trevor Roberts School","F",68,42,9.866666667,6,-0.22011267,0.54819465,-0.84615135,0.34740952,1.0730526,-0.76999509,0.85119045,0.64285713,1.73035187340778,-0.320941088648212,-0.587074633430099,-0.667504621650672,-0.0070589880824997,-1.69292373821449,-0.973867576804048,-0.811564935184064,-1.71954713511413,-6.89936725647748
25,8.925,NA,0,0,1,0.560718245,0.617607072,0.546635324,0.607339843,0.491426947,-0.833143353,0.462387335,0.640794747,0.178407412,5.555555556,-1.012,4.96420521233333,0.60665653225,-4.285,"Trevor Roberts School","F",26,48,8.925,5,-0.70894569,-0.66918653,-0.32617113,0.35349846,-1.2685349,0.34110549,0.88690472,0.64285713,-0.641356388217716,3.10994380414293,-2.62159189753048,1.78293997625114,-1.63062624705744,0.325562257348941,-1.29823698262501,-1.12701462018973,-1.30806251285032,-7.46492362981379
25,9.130555556,0.670035375812548,1,0,1,0.450977686,0.642357387,0.588116208,0.56966724,0.655732924,-0.875763653,0.315285724,0.732999099,0.417713375,0,-2.25571428571429,9.62,0,-5,"Trevor Roberts School","F",50,53,9.130555556,4,0.089094207,0.49552763,0.13092875,-0.41292435,-0.89313412,-0.69498974,0.67261899,-0.023809522,-0.899701690625592,2.43195296132381,-2.62159189753048,0.966125110283867,-0.81884261756997,0.325562257348941,-0.602219052377733,-0.849234758958937,-1.92439462702076,-7.03683232145259
27,12.61388889,-0.959003509129592,0,0,0,1.043468504,0.818511191,0.621045497,0.699234095,0.661159401,-0.254667111,0.479586915,0.758033479,0.278446564,77.77777778,-0.347714285714286,5.52533333333333,1.0055,-3.55,"Trevor Roberts School","M",60,66,12.61388889,6,0.39558858,0.19219062,0.63561893,0.05015881,0.27950862,-0.35935909,0.95833331,0.54761904,-1.66946577450406,-1.82023488116902,0.226732272210054,-0.667504621650672,0.804724641404971,0.325562257348941,-0.881837303666769,-1.61431173026492,-3.22878655097672,-7.47336984507299
27,12.775,-0.825375641299749,1,0,1,0.538600839,0.736490418,0.481136371,0.355015241,0.156605694,-0.870120626,0.433629978,0.428605227,-0.005024751,94.44444444,0.283142857142857,2.344,-0.714,5.565,"Trevor Roberts School","M",50,58,12.775,7,0.420977,1.0315214,-0.67850208,-0.85713786,-0.24810737,0.45264131,0.95833331,0.95833331,-0.327865331072289,0.604492824247514,0.226732272210054,-0.667504621650672,0.804724641404971,0.325562257348941,-0.351947118464064,-1.30956757837312,-2.82991378885905,-6.90651922127747
30,10.67777778,0.303134177010703,0,0,0,1.229291149,0.55392901,0.485028036,0.662139023,0.584495969,-0.390988596,0.615303405,0.599464168,-0.015839237,16.66666667,-0.866285714285714,1.21866666666667,1.497,-6,"Pimlico Primary","F",64,56,10.67777778,6,-0.42555434,0.32269248,0.45528322,0.14597481,0.27624309,-0.27484879,0.95833331,0.64285713,-0.899701690625592,-1.32474457068208,1.04053917785021,0.149310244316598,-0.0070589880824997,0.325562257348941,-0.27801045275505,-0.722220428045652,-2.06584958816037,-7.04315991598834
30,10.975,1.73835411999939,1,0,0,0.413994504,0.58018684,0.545176308,0.510368806,0.815935015,-0.63478123,0.338106737,0.675909971,0.337803234,44.44444444,1.52485714285714,-4.74866666666667,-0.855,3.62,"Pimlico Primary","F",58,61,10.975,6,-0.38619655,-0.038542241,1.9803083,0.076735556,0.18356979,0.074165113,0.92261904,0.91666669,-1.7070946194328,-1.28880139838441,1.04053917785021,-0.667504621650672,0.804724641404971,0.325562257348941,-0.118967518768098,-0.264011258965604,-1.25789264631537,-6.67024430286915
32,6.372222222,-0.627833756062302,0,0,0,0.650963303,0.162967717,0.452396852,0.440348478,0.663641052,-1.367607887,0.644679144,0.302730307,-0.341948837,0,0,-5,1.5,-5,"Mossbourne Riverside Academy","M",55,53,6.372222222,4,-0.029181253,0.21627696,-0.70781165,0.033717871,1.2899458,1.2473009,0.92261904,0.6785714,5.11537233748031,2.69859445788169,1.04053917785021,1.78293997625114,-1.63062624705744,0.325562257348941,-1.60867095179497,-1.92712251672314,-2.97036318220345,-7.5885205637746
32,6.608333333,-1.08570393654724,1,0,1,0.374882114,0.317531097,0.479970563,0.423052436,-0.20519367,-0.283606491,0.42813808,0.490288485,0.062150405,0,-2.28571428571429,9.66666666666667,0,-5,"Mossbourne Riverside Academy","M",64,67,6.608333333,5,0.017320938,1.134486,-0.89723194,0.70363051,-0.37884387,-0.24429524,0.54761899,0.26190478,1.26445526458967,0.64169276396088,1.04053917785021,1.78293997625114,-1.63062624705744,0.325562257348941,-1.54486383503775,-2.03455624360629,-3.12205650688749,-7.40495515909873
35,6.391666667,-0.999703578245312,0,0,1,0.532547246,0.331282149,0.412244679,0.310209476,0.799844026,0.089196451,0.328638961,0.487912656,0.159273696,0,0,-5,0,5,"Mossbourne Riverside Academy","F",64,47,6.391666667,5,-0.035885543,0.14504749,0.2945188,-0.19363195,-0.12413921,1.2434549,0.88690472,0.26190478,-0.0249531293959454,0.200540527801456,-0.587074633430099,1.78293997625114,-1.63062624705744,0.325562257348941,-1.366771694716,-1.89313347786534,-3.14682112791685,-6.82398996469847
35,6.602777778,NA,1,0,0,0.599659648,0.566140713,0.496615452,0.427598798,-0.344481723,-0.006789981,0.52775348,0.431408388,-0.099245585,72.22222222,0,5,0.0149999999999999,0.159999999999999,"Mossbourne Riverside Academy","F",64,60,6.602777778,4,0.86375034,0.52402228,2.0181921,0.35349846,0.046315551,1.3756016,0.95833331,0.54761904,-0.641356388217716,0.318265261535996,-0.587074633430099,-0.667504621650672,0.804724641404971,0.325562257348941,-0.590468251233498,-1.45718542992319,-2.1996660389862,-6.77199919138641
41,6.191666667,-1.08993186557066,0,0,1,0.682503182,0.710363897,0.472706409,0.746338554,0.618495715,0.135370659,0.40684097,0.820750028,0.413909058,100,-0.404,0.830666666666667,0.0105,1.89,"St. Saviours","F",80,59,6.191666667,5,-0.43850714,-0.15507679,0.10998944,-0.6395551,-0.51225978,-0.27274421,0.63095242,0.083333336,0.924666794883163,1.12257693280219,0.226732272210054,0.149310244316598,-0.81884261756997,-1.69292373821449,-1.44302907410019,-1.97513206085245,-3.15363305580626,-7.46492362981379
41,6.527777778,0.560199291640603,1,0,1,0.80430788,0.807547498,0.420739917,0.404604354,-0.259168489,1.064614768,0.350212727,0.592437937,0.24222521,66.66666667,0.482,1.03133333333333,-0.2205,4.69,"St. Saviours","F",72,65,6.527777778,4,0.011411542,1.2878773,-0.59074837,1.1716144,0.22680688,1.2645149,0.92261904,0.23809522,0.449988954465856,-0.955549813015145,0.226732272210054,0.149310244316598,-0.81884261756997,-1.69292373821449,-1.22798225668866,-1.3826448525072,-2.38995473913095,-8.00460130272231
42,10.92222222,NA,0,0,1,1.104182112,0.479031881,0.466972454,0.558677531,-0.635204152,-1.906012192,0.485634273,0.5811991,0.095564827,27.77777778,-2.00085714285714,5.908,1.079,-3.865,"St. Bartholomew's","F",50,58,10.92222222,5,-0.064949483,-0.46070957,0.98231059,-1.1017029,0.17715196,-0.50354654,0.95833331,0.54761904,-1.31462576682606,-1.27108757839707,-0.180171180610023,0.149310244316598,-0.0070589880824997,0.325562257348941,-0.902800141691656,-0.621113977660114,-1.86035226069367,-7.56481461155794
42,NA,NA,1,0,1,1.296684287,0.566140713,0.563705239,0.508016348,0.491426947,-0.597937211,0.54073862,0.566873621,0.0229256,50,4.41764808571231e-19,2.954,-0.307,-0.476229986000001,"St. Bartholomew's","F",58,68,9.822222222,7,-0.077994488,0.68033564,-0.99858534,-0.57274747,-1.1560559,0.17362589,0.63095242,0.29761904,-1.27210517205658,1.07622741010074,-0.180171180610023,0.966125110283867,-1.63062624705744,-1.69292373821449,-1.0523356295466,-1.30956757837312,-2.83244834563717,-6.99818726974622
45,7.033333333,-0.702331069751926,0,0,1,0.522623881,0.492267581,0.438226469,0.706414797,0.557795345,-0.438328972,0.692891019,0.542117124,-0.150773895,100,-0.383428571428571,4.66533333333333,1.1225,-3.06,"William Hogarth","F",71,70,7.033333333,5,-0.048378523,-0.28151238,1.1276975,-1.3106481,-0.24674702,-0.64239627,0.95833331,0.5,-0.0529305963654592,2.43195296132381,0.633635725030131,0.966125110283867,-0.81884261756997,0.325562257348941,-1.00130567274408,-1.55609741110558,-2.63734157283176,-7.43297678283472
45,7.358333333,1.5210782406359,1,0,1,0.640444695,0.637866433,0.540573,0.496263405,0.108238311,-0.095014238,0.472455247,0.523886744,0.051431497,100,0.774571428571429,0.454000000000001,-0.68,4.86,"William Hogarth","F",73,66,7.358333333,5,-0.43850714,0.72565711,-1.2037156,0.48488712,-0.45095867,-0.46456823,0.95833331,0.64285713,-0.473300816721863,1.11810709037547,0.633635725030131,1.78293997625114,-1.63062624705744,0.325562257348941,-1.04051225529066,-1.11486052063105,-1.82374251508111,-7.44294825932655
46,8.811111111,NA,0,0,0,0.767168531,0.566140713,0.455227171,0.614585676,0.346636043,-1.079188164,0.52775348,0.594314445,0.066560965,0,0,-5,0,5,"St. Bartholomew's","F",59,46,8.811111111,5,0.53315222,-0.2758123,0.40076315,0.034590207,0.71212262,0.37023714,0.95833331,0.41666666,-0.825737728368534,-1.63283259868615,1.04053917785021,0.966125110283867,-0.81884261756997,0.325562257348941,-1.10569823494727,-0.565881829514069,-1.68175857401373,-6.35426773382504
46,9.072222222,0.478304654822901,1,0,0,0.804047077,0.643875613,0.540208242,0.324101852,0.289478365,1.882910677,0.303066311,0.508038791,0.20497248,0,-2.28571428571429,9.66666666666667,0,-5,"St. Bartholomew's","F",48,59,9.072222222,4,-0.41347599,0.16128631,2.6103024,0.28808707,0.5057565,0.74302757,0.75,0.059523813,-0.00155718467900384,-1.63283259868615,1.04053917785021,0.966125110283867,-0.81884261756997,0.325562257348941,-0.281538237942832,-0.66526197707041,-1.7556140225917,-5.99776816698396
49,7.308333333,0.643133275942573,0,0,1,0.863567547,0.60355177,0.516687982,0.468818677,-0.061405632,0.350817911,0.304442209,0.679020914,0.374578705,0,0.0928571428571428,-5.21,0,5,"St. Bartholomew's","M",58,45,7.308333333,4,0.73062432,1.2113533,-1.7618663,-0.76545191,-0.8902179,0.51650989,0.76190472,0.29761904,0.397665363097961,3.54885913750523,-0.587074633430099,0.149310244316598,-0.0070589880824997,0.325562257348941,-1.07141236874146,-1.23696537153038,-2.45556365759113,-6.65377343081215
49,NA,NA,1,0,1,1.296684287,0.000529739,0.505337876,0.810838399,-0.061405632,-0.065990304,0.624918696,0.640794747,0.021273231,100,-0.552903404314286,9.66666666666667,0,-3.06,"St. Bartholomew's","M",80,55,9.155555556,5,-0.61493778,-0.013798505,-1.1015543,-0.41292435,-1.3059661,-0.36165273,0.58333331,0.64285713,-0.0249531293959454,0.374914376006595,-0.587074633430099,0.966125110283867,-0.81884261756997,0.325562257348941,-1.31970930271946,-1.48694738543159,-3.37659726479392,-7.93741671206633
59,7.580555556,-0.454013368735579,0,0,0,1.619252649,0.39942972,0.516905425,0.485192035,0.084069288,2.621177359,0.506834737,0.479048589,-0.027786148,100,0,5,0.762,-7.135,"St. Bartholomew's","M",22,55,7.580555556,4,-0.027916834,-0.18841195,-1.6164795,0.00071883202,0.039962474,0.093663007,0.66666669,0.51190472,0.16695397974062,0.0809947471523293,-1.40088153907025,-0.667504621650672,0.804724641404971,0.325562257348941,-1.30200654468796,-1.6584729445257,-2.57154295644755,-6.72531606818722
59,7.913888889,0.0916454749455654,1,0,0,0.50797189,0.650452741,0.607306998,0.309793583,-0.330021119,0.490242015,0.427442957,0.383935475,-0.043507482,27.77777778,-0.477142857142857,3.69333333333333,-0.7045,1.03,"St. Bartholomew's","M",56,77,7.913888889,5,-0.51169449,1.0315214,0.14140686,1.4944801,1.2899458,-0.5241816,0.91666669,0.66666669,1.7200133996106,-1.28880139838441,-1.40088153907025,-0.667504621650672,0.804724641404971,0.325562257348941,-1.07431959609907,-1.34558396740328,-1.85770325252209,-7.794067787474
61,9.65,NA,0,0,0,0.590319942,0.586051563,0.645562481,0.512840682,-0.5415527,-0.595405667,0.624918696,0.400783024,-0.224135672,0,-1.16628571428571,2.362,0,5,"St. Mary's","M",23,32,9.65,4,0.50633693,-0.013798505,0.23720294,-0.14691956,0.23302655,-0.92922276,0.85119045,0.33333331,-0.327865331072289,-0.633275008087683,0.633635725030131,0.149310244316598,-0.0070589880824997,0.325562257348941,-0.790500725815855,-0.764337635789945,-1.79741014073687,-6.77199919138641
61,9.877777778,-0.425407781806539,1,0,1,0.433230554,0.234041686,0.47183281,0.385730475,0.534290818,-0.418523015,0.431138138,0.452411368,0.021273231,0,-1.36,7.4,-0.3265,-2.365,"St. Mary's","M",48,53,9.877777778,5,-0.28237534,0.012838863,1.0778844,0.46262485,0.5265913,-0.34091291,0.66666669,0.26190478,0.0273509650550008,-1.33550530245009,0.633635725030131,-0.667504621650672,0.804724641404971,0.325562257348941,-0.298251023801015,-1.05699632834596,-2.48140051045871,-5.98183499821628
62,9.886111111,0.14571414534098,0,0,1,0.678795917,0.512755757,0.479693977,0.525558769,1.08280819,-0.698028365,0.622530428,0.390398105,-0.232132323,0,-0.674285714285714,-1.06333333333333,0.2895,2.925,"St. Mary's","F",50,45,9.886111111,6,0.3115761,-0.76251578,0.32806972,-1.0627265,-0.022686765,-0.19530252,0.91666669,0.71428573,-1.29204845986881,-0.933016167997608,-0.587074633430099,0.149310244316598,-0.81884261756997,-1.69292373821449,-0.167348913273863,-0.716165919346356,-2.05425193060618,-7.10177287549083
62,NA,NA,1,0,1,0.499559362,0.573857399,0.479970563,0.528113843,-0.156940954,-1.319046225,0.545508589,0.487912656,-0.061261007,50,0.795428571428572,-5.21,-0.3195,0.91,"St. Mary's","F",72,68,8.041666667,6,-0.072187267,1.2331991,-1.3410834,-1.0781063,-0.10443524,0.093663007,0.91666669,0.71428573,-0.689732735923232,0.517949333661361,-0.587074633430099,0.966125110283867,-1.63062624705744,-1.69292373821449,-0.477061993406313,-1.09804069667386,-2.05425193060618,-6.72531606818722
65,10.08333333,3.22245364263186,0,0,0,0.481256774,0.522480676,0.429703369,0.604827567,-0.20355919,-0.394516036,0.563275286,0.549226325,-0.014048961,33.33333333,-1.78628571428571,7.762,0.225,3.5,"St. Bartholomew's","M",48,31,10.08333333,5,0.78818744,-0.4433766,0.20085622,-0.18393263,0.32551903,-0.51821154,0.88095242,0.17857143,0.172796489063302,-0.203060809438789,1.04053917785021,0.149310244316598,-0.0070589880824997,0.325562257348941,-0.646055573026095,-0.666729867315579,-1.58739678155722,-6.76356409752378
65,10.30277778,-0.428266657667861,1,0,0,0.529074296,0.350103758,0.489449035,0.392915479,-0.425305432,-0.597937211,0.348350769,0.546648996,0.198298226,22.22222222,-0.54,3.74333333333333,-0.307,-2.785,"St. Bartholomew's","M",65,63,10.30277778,5,-0.024052383,0.77558595,0.073299408,-0.15783009,-0.8902179,-0.34497419,0.76190472,0.10714287,-0.693429559554982,0.754784304929573,1.04053917785021,0.966125110283867,0.804724641404971,4.36253424847581,-0.253737416140212,-1.0379519517764,-2.50723875499441,-7.00149857550211
67,10.13888889,NA,0,0,0,0.510814774,0.248354696,0.495056512,0.35943054,-0.399621095,-0.528041252,0.412568703,0.438824771,0.026256068,5.555555556,-1.114,4.54933333333333,0.6275,-3.06,"St. Saviours","M",53,55,10.13888889,7,0.50083399,-0.53647733,0.63701677,0.35371682,-0.44553339,0.64871466,0.81547618,0.52380955,-0.693429559554982,0.23134165454976,0.633635725030131,0.149310244316598,-0.0070589880824997,0.325562257348941,-0.61094241528171,-0.396952790245198,-1.00576573830176,-7.06437908895752
67,10.41388889,NA,1,0,0,0.412542609,0.717886,0.506625175,0.630816264,-0.440208868,-0.349792924,0.374389152,0.721673677,0.347284525,5.555555556,-2.28571428571429,9.66666666666667,0,-5,"St. Saviours","M",57,56,10.41388889,7,0.73706222,1.2878773,-0.33927473,-0.16575348,0.6841467,1.3031067,0.92261904,0.88095242,0.629036195465527,-0.203060809438789,1.04053917785021,2.5997548422184,-1.63062624705744,2.34404825291238,-0.868290255679083,-0.63793644881404,-1.83513819253,-6.78545470159507
73,10.75555556,0.839274576516102,0,0,0,0.967008794,0.777864243,0.588152819,0.540985926,0.663748211,-0.33007301,0.223151229,0.808454889,0.58530366,16.66666667,-1.17028571428571,2.42266666666667,0.3825,2.45,"St. Mary's","M",62,58,10.75555556,5,0.58493215,0.54084051,-0.15422332,-0.52233636,-0.44627723,0.61054742,0.92261904,0.57142854,-1.26827622670258,-0.440302436413358,1.04053917785021,-0.667504621650672,0.804724641404971,0.325562257348941,-0.213362539189817,-0.51273807965587,-1.41609585235668,-6.22905873876398
73,10.88888889,1.41980190077333,1,0,0,1.117338391,0.726277147,0.471347301,0.920886922,0.245325784,-0.223245894,0.903827191,0.788806036,-0.115021155,11.11111111,-0.241142857142857,3.84733333333333,-0.7455,1.925,"St. Mary's","M",61,66,10.88888889,6,0.8531841,0.012926102,-0.6588558,0.48070785,-0.89313412,-0.42216659,0.92261904,0.73809528,-0.327865331072289,2.28028940324566,1.04053917785021,-0.667504621650672,0.804724641404971,0.325562257348941,-0.253608092376695,-0.425547807945074,-1.05848449757733,-6.13025983894876
77,6.241666667,0.383843408386735,0,0,1,0.540027796,0.491818486,0.538394151,0.427598798,0.318536941,0.177205186,0.461923526,0.462535065,0.000611539,55.55555556,-0.164857142857143,3.43866666666667,-0.587,6.555,"Streatham & Clapham Prep","F",49,63,6.241666667,4,0.2960518,0.43821645,-1.3410834,1.0664139,-0.15732303,-0.51869375,0.88095242,0.059523813,1.99528177090907,1.99158606105358,-1.80778499189033,-0.667504621650672,0.804724641404971,0.325562257348941,-1.31970930271946,-1.48694738543159,-2.68102152871429,-7.8750136965991
77,NA,NA,1,0,0,1.978282587,0.474456609,0.552673259,0.392915479,-1.026543711,-0.384510538,0.485634273,0.508038791,0.0229256,22.22222222,1.13057142857143,-0.793333333333333,0,-4.25,"Streatham & Clapham Prep","F",66,69,7.913888889,5,-0.077994488,0.82627386,-0.99858534,0.15022206,-0.14834014,-0.005964458,0.70238096,0.88095242,-0.366999329798177,-0.0135530258511145,-1.80778499189033,-0.667504621650672,0.804724641404971,0.325562257348941,-0.902597404742153,-1.15301028238504,-2.1797392629952,-7.64455338996722
79,10.51111111,1.57056066691292,0,0,0,2.066741552,0.901643563,0.451052133,0.921023156,0.113763938,-0.015250237,0.879383896,0.881859218,0.002475321,5.555555556,-0.928,1.80133333333333,0.6685,-0.805000000000001,"Streatham & Clapham Prep","F",54,65,10.51111111,7,-0.060590871,0.24925506,1.5275114,-0.80417717,0.3491953,-0.12563345,0.92261904,0.55952382,-1.47605351157034,-1.70815772106222,0.633635725030131,-0.667504621650672,-0.0070589880824997,-1.69292373821449,-0.698880712407706,-0.797249762300556,-2.02998865796031,-7.36978603290762
79,10.79444444,0.52481186517735,1,0,0,0.47351806,0.489295198,0.520340497,0.466190176,1.216964757,0.132011136,0.512267589,0.453988225,-0.058279364,11.11111111,0.116,-1.036,-0.2765,-1.26,"Streatham & Clapham Prep","F",58,69,10.79444444,6,0.25124314,-0.80301034,1.128965,-0.68682617,0.85756409,-0.23242286,0.88690472,0.40476188,0.0273509650550008,-0.974938013362034,0.633635725030131,0.149310244316598,-0.0070589880824997,0.325562257348941,-0.698797851903032,-0.956664626012428,-2.23141127353952,-7.2022474430314
83,7.075,NA,0,0,0,0.719446088,0.384412491,0.435186058,0.499221471,0.82302044,-0.213051471,0.423759719,0.591537273,0.167777554,0,-1.62371428571429,6.88703703713333,0.7255,-4.25,"Streatham & Clapham Prep","F",48,56,7.075,4,-0.47430116,0.89458978,1.3276044,0.87136102,-1.3059661,0.2959435,0.77380955,0.25,4.05103638371556,5.73230272998606,0.226732272210054,1.78293997625114,-1.63062624705744,0.325562257348941,-1.77370326604513,-2.03455624360629,-3.22878655097672,-7.44294825932655
83,7.363888889,NA,1,0,0,0.607727283,0.829314288,0.58683729,0.733444415,1.097577569,0.159999059,0.661506607,0.622232881,-0.039273725,0,-2.28571428571429,9.66666666666667,0,-5,"Streatham & Clapham Prep","F",38,39,7.363888889,4,-0.056257058,-0.75453854,2.3271391,1.1716144,-1.1560559,0.76091468,0.80952382,0.13095239,-0.925477449401778,2.43195296132381,0.226732272210054,0.149310244316598,-0.0070589880824997,0.325562257348941,-1.64377492490297,-1.15301028238504,-1.79409008456634,-6.77929039492836
84,10.64722222,1.00343198638841,0,0,0,1.08197406,0.911853289,0.403451766,0.287378094,0.640399815,-0.594329882,0.765698571,0.253914589,-0.511783982,5.555555556,-0.926285714285714,1.75533333333333,0.939,-3.235,"Streatham & Clapham Prep","F",57,69,10.64722222,5,0.59005731,0.82627386,-0.16261092,0.7881071,0.66747224,-0.94102395,0.69047618,0.39285713,0.449988954465856,-0.680902828351654,0.226732272210054,0.966125110283867,-0.81884261756997,0.325562257348941,-0.252831795274901,-0.503369322916824,-1.620180008966,-6.73141579382597
84,NA,NA,1,0,0,0.385800987,0.566140713,0.607306998,0.548937803,0.108238311,0.396508511,0.573206039,0.426321926,-0.146099904,50,-0.658,5.908,0.7877604166,-5,"Streatham & Clapham Prep","F",49,40,8.363888889,4,0.021285813,0.49552763,0.32806972,0.28808707,0.85756409,0.94613451,0.88690472,0.54761904,1.26445526458967,-0.320941088648212,0.226732272210054,-0.667504621650672,0.804724641404971,0.325562257348941,-1.31430593609984,-1.34558396740328,-1.82374251508111,-6.13025983894876
86,9.552777778,NA,0,0,0,1.451193234,0.816415701,0.512393249,0.924645826,0.080024653,-0.04231131,0.863451327,0.878017242,0.014565914,44.44444444,-0.554,2.20733333333333,0,0,"Streatham & Clapham Prep","F",64,71,9.552777778,6,-0.33169371,-0.53647733,-0.4170379,1.4944801,-0.23871534,-0.41900271,0.80952382,0.45238096,-0.704107216415497,-0.320941088648212,0.633635725030131,-0.667504621650672,0.804724641404971,0.325562257348941,-1.13606862571206,-0.83371625059818,-1.36276981607293,-7.73892375743946
86,9.844444444,NA,1,0,0,1.157147908,0.689776181,0.519679824,0.713453405,-0.094823212,0.236313465,0.657403454,0.611443215,-0.045960238,50,0.152,0.588,-0.2205,0.91,"Streatham & Clapham Prep","F",78,72,9.844444444,5,-0.38537291,-0.97204232,1.0818138,-0.50150329,0.38855964,-0.2583504,0.92261904,0.60714287,-0.0249531293959454,0.200540527801456,0.633635725030131,-0.667504621650672,0.804724641404971,0.325562257348941,-1.08856195281461,-0.81334000855527,-1.0681530811834,-7.93086546163054
89,9.669444444,0.609375171996746,0,0,1,0.723155211,0.749703874,0.563705239,0.616564577,0.299205102,-0.112413275,0.453007893,0.69572898,0.242721087,61.11111111,-0.578,1.12466666666667,0.895,-2.045,"Streatham & Clapham Prep","F",50,55,9.669444444,6,-0.077994488,0.23143406,-1.543786,-0.71073586,0.84097308,-0.005964458,0.95833331,0.63095242,-0.586507617454969,-1.33550530245009,1.04053917785021,-0.667504621650672,0.804724641404971,0.325562257348941,-1.07880632814637,-1.24842705140673,-2.05694027633332,-7.2994219206114
89,NA,NA,1,0,0,0.880334336,0.566140713,0.49539716,0.404604354,0.247020863,-0.244025051,0.468902956,0.458367723,-0.014048961,5.555555556,-0.54,0.588,-0.518,0.91,"Streatham & Clapham Prep","F",62,58,9.961111111,6,0.93840414,0.39276016,2.0181921,-0.81456506,0.83921194,0.76091468,0.95833331,0.55952382,0.738027724036621,0.200540527801456,1.04053917785021,-0.667504621650672,0.804724641404971,0.325562257348941,-0.213362539189817,-0.716165919346356,-1.0681530811834,-6.08610605430969
91,9.636111111,1.03940042809376,0,0,0,0.728943196,0.455091129,0.49539716,0.592378092,-0.01359312,-0.751249581,0.521243394,0.573373554,0.05213016,11.11111111,-1.16628571428571,1.77866666666667,0,5,"Streatham & Clapham Prep","F",78,56,9.636111111,5,-0.079258449,-0.4433766,-0.65329158,0.90054971,-1.2685349,-0.24617183,0.91666669,0.34523809,-0.229786167530529,1.07420479891609,0.226732272210054,0.966125110283867,-0.81884261756997,0.325562257348941,-0.477061993406313,-0.675492245321225,-1.91589267020916,-7.15065532005762
91,9.897222222,-0.599843319900678,1,0,0,0.574662394,0.519444711,0.490012114,0.523509158,-0.156940954,-0.730107164,0.477482037,0.544447904,0.066965867,0,-2.28571428571429,9.66666666666667,0,-5,"Streatham & Clapham Prep","F",73,68,9.897222222,6,0.16397434,0.39276016,0.18069966,0.24682632,0.23341702,0.13809741,0.92261904,0.41666666,0.648801377411842,0.318265261535996,0.226732272210054,1.78293997625114,-1.63062624705744,0.325562257348941,-0.308342175392972,-1.15782414829996,-2.12429539731346,-6.6395853050912
97,7.916666667,-0.855802410393407,0,0,0,0.470356112,0.50157796,0.56628316,0.474920933,0.343642869,-0.128821383,0.474877418,0.504138371,0.029260954,50,-0.406,3.99933333333333,0.7255,-0.995000000000001,"SIAL","F",46,55,7.916666667,4,-0.44542325,-0.47829735,-0.089917488,-0.70460188,0.18831865,0.65975231,0.84523809,0.76190472,1.09150473799845,0.604492824247514,0.633635725030131,0.149310244316598,-0.0070589880824997,0.325562257348941,-0.1588538883822,-1.26000200929946,-2.39962105550564,-7.55958844608369
97,8.144444444,-0.138290881765437,1,0,0,0.505055685,0.637008336,0.567338542,0.548937803,-0.072659475,-0.680714786,0.638436061,0.420911264,-0.217524797,55.55555556,0.0908571428571428,3.52533333333333,-0.567,4.655,"SIAL","F",50,66,8.144444444,6,0.2885915,-0.66742039,-1.3399304,0.66706955,0.29655939,0.17362589,0.91666669,0.28571427,1.20631869917477,1.07420479891609,0.633635725030131,1.78293997625114,-1.63062624705744,0.325562257348941,-0.590468251233498,-1.0828699784965,-1.20776560256463,-7.64455338996722
98,10.45555556,0.805143419567923,0,0,1,0.392436493,0.60355177,0.543151216,0.652141652,0.663641052,-0.665322368,0.549945241,0.572335132,0.028153862,33.33333333,-1.54828571428571,6.72066666666667,1.2625,-4.25,"SIAL","M",59,59,10.45555556,6,-0.066950753,0.040492609,0.29172301,-0.26975316,-0.82162315,1.331108,0.81547618,0.34523809,-0.934132083735387,0.318265261535996,0.633635725030131,-0.667504621650672,0.804724641404971,0.325562257348941,-0.178006705363701,-0.495828005418318,-1.67709656090792,-7.29381101601876
98,10.68333333,-0.349650329303883,1,0,1,0.539458867,0.766521058,0.659004693,0.626593555,-0.431824982,-1.244168434,0.43397935,0.689434223,0.255454873,50,1.03685714285714,-2.59733333333334,-0.883,2.605,"SIAL","M",51,65,10.68333333,6,0.75773346,-0.47829735,-0.42047969,-0.57274747,0.80545843,-0.22997162,0.67261899,0.34523809,-0.113436937480877,-1.30717741724978,0.633635725030131,-1.48431948761794,0.804724641404971,-1.69292373821449,-0.352767319107715,-1.04435721921843,-2.47274971951737,-6.7296913124541
99,9.586111111,-0.365089442440589,0,0,0,0.252372641,0.573857399,0.441909287,0.652141652,1.094036113,-0.515359149,0.514775483,0.632727772,0.11795229,0,-0.266,1.19933333333333,0.0910000000000001,3.675,"The Vineyard","F",45,56,9.586111111,6,0.72370988,0.1619264,-0.8895452,0.60843778,0.015343774,-0.59535342,0.84523809,0.59523809,-1.83202238459621,-1.59142628564472,1.04053917785021,0.149310244316598,-0.0070589880824997,0.325562257348941,-0.3389691168198,-1.04526174169212,-2.20165917440409,-6.61369999952216
99,9.822222222,-0.856075550075715,1,0,1,1.981686852,0.756944918,0.507966805,0.903537612,0.314598067,-0.006789981,0.883637935,0.744715999,-0.138921936,5.555555556,-0.627142857142857,5.35,-0.3535,0.385000000000001,"The Vineyard","F",58,60,9.822222222,6,0.93840414,-0.038641423,0.22654119,0.81432635,-0.97459352,-1.3856318,0.88690472,0.55952382,-1.23008294909991,0.754784304929573,1.04053917785021,-0.667504621650672,0.804724641404971,0.325562257348941,-1.22632120808749,-1.75138380373401,-3.37659726479392,-7.09335576753236
101,7.347222222,-1.28821547107229,0,0,1,0.518829382,0.736842707,0.606718652,0.446859978,-0.134357179,-0.714403104,0.551775555,0.405675652,-0.146099904,44.44444444,-0.412,-0.284666666666666,-0.47,4.685,"The Vineyard","F",68,75,7.347222222,7,-0.074951552,0.26292372,-2.0218849,0.063058861,0.5248124,-0.15260291,0.91666669,0.75,-0.366999329798177,-1.0962670745968,0.633635725030131,1.78293997625114,-1.63062624705744,0.325562257348941,-0.753693367771055,-1.74939859279869,-3.07334125288097,-7.69000655273121
101,7.536111111,NA,1,0,0,0.79707225,0.662880168,0.466894795,0.696719796,0.570020489,-0.089680394,0.661669691,0.55800494,-0.103664752,44.44444444,1.13057142857143,-2.29533333333333,-0.665,4.585,"The Vineyard","F",79,75,7.536111111,6,-0.37211457,1.2331991,-0.39690408,-1.1241901,0.32012576,0.16867989,0.84523809,0.76190472,0.212683064687765,0.374914376006595,0.633635725030131,0.149310244316598,-0.0070589880824997,0.325562257348941,-0.733008713824922,-0.596400255080673,-1.52453340534366,-7.35040912243068
108,8.702777778,0.124322226889715,0,0,0,0.507626373,0.308186558,0.505337876,0.308856803,-0.179852789,-0.644656055,0.428613446,0.367008462,-0.061604984,33.33333333,-0.98,3.80333333333333,1.24,-4.915,"The Vineyard","M",58,59,8.702777778,5,-0.42089748,-0.12299224,0.82154614,-0.68682617,0.56769645,0.080196381,0.95833331,0.88690472,-0.649215666763715,-1.38035039327224,0.226732272210054,0.149310244316598,-0.0070589880824997,0.325562257348941,0.0178245852518801,-0.623490823479384,-1.84197718538867,-6.89734837330254
108,8.913888889,0.557950509281919,1,0,0,0.716880428,0.826045665,0.681504259,0.760513683,-0.264912978,-0.534219718,0.418106235,0.821265776,0.403159542,5.555555556,-0.656,6.20266666666667,-0.63,2.275,"The Vineyard","M",80,69,8.913888889,5,0.012829633,-0.73067379,-1.0334469,0.86991501,-0.19627851,-0.69498974,0.92261904,0.59523809,0.16695397974062,0.368332410724507,0.226732272210054,-0.667504621650672,0.804724641404971,0.325562257348941,-0.437179083382407,-0.751752959295135,-2.09985672642243,-7.16123403009242
110,8.186111111,-0.788944254993658,0,0,1,1.123091673,0.643875613,0.458343557,0.760513683,0.108238311,-0.390988596,0.550006849,0.68907852,0.147783148,61.11111111,1.52485714285714,-5,0,4.585,"The Vineyard","F",61,48,8.186111111,5,0.76533514,-0.19977622,1.3821244,-0.49250063,0.42653626,-0.37148768,0.92261904,0.66666669,-0.689732735923232,-1.26531222137877,0.226732272210054,-0.667504621650672,0.804724641404971,0.325562257348941,-0.850791749641459,-1.51349324576555,-3.02217944356884,-7.36830257268893
110,8.422222222,NA,1,0,0,0.84475012,0.629329862,0.58035459,0.647322804,-0.386111233,-0.424662009,0.536043371,0.625956749,0.089913379,16.66666667,0.166,3.64066666666667,-1.338,7.47,"The Vineyard","F",70,70,8.422222222,6,0.73858976,0.34730393,-1.1015543,-0.49393806,-0.16548114,0.58233118,0.88690472,0.42857143,-0.825737728368534,0.374914376006595,0.226732272210054,-0.667504621650672,0.804724641404971,0.325562257348941,-1.15541261360558,-0.755182571479398,-2.10559649915669,-6.08610605430969
111,8.066666667,0.357729921660658,0,0,0,0.476696346,0.345310122,0.428629727,0.382720405,-0.29193607,0.461807028,0.446241165,0.431408388,-0.014832777,33.33333333,-1.42628571428571,4.06533333333333,0.7885,-1.135,"The Vineyard","M",60,56,8.066666667,5,0.31115615,-0.41773841,0.32806972,0.13163832,-0.37857595,-0.22997162,0.92261904,0.5,-1.77181623271023,-0.906840429150898,-0.587074633430099,-0.667504621650672,0.804724641404971,0.325562257348941,-0.403574433241657,-0.786832664442146,-2.05322589486142,-7.06437908895752
111,NA,NA,1,0,0,0.433230554,0.331282149,0.49539716,0.324101852,0.184067594,1.064614768,0.303066311,0.443931417,0.159273696,5.555555556,-0.680285714285714,-0.4804255184,-0.714,0.895,"The Vineyard","M",41,55,7.305555556,4,0.50633693,-0.2653816,0.45528322,0.33862844,0.3491953,0.51573896,0.75,0.059523813,-0.0249531293959454,-0.965298363301635,-0.587074633430099,1.78293997625114,-1.63062624705744,0.325562257348941,-1.30200654468796,-1.26000200929946,-2.1996660389862,-6.13025983894876
115,8.363888889,NA,0,0,1,0.592337705,0.474456609,0.552673259,0.45697829,0.235097398,-0.730320607,0.389106426,0.566873621,0.177767195,0,-0.48,3.12666666666667,0.5275,1.175,"The Vineyard","F",66,54,8.363888889,6,-0.41136652,0.30232298,-0.99858534,0.52173001,-0.11304215,-0.072279714,0.95833331,0.10714285,2.15458566809643,2.28028940324566,0.633635725030131,0.149310244316598,-0.0070589880824997,0.325562257348941,-0.58407608531971,-0.449618689763719,-1.57856624876701,-7.23875035832507
115,NA,NA,1,0,0,0.84475012,0.901643563,0.659004693,0.647322804,-0.344481723,-0.244025051,0.663460325,0.568811479,-0.081542044,5.555555556,-2.00085714285714,5.97466666666667,0.744,-6.540625,"The Vineyard","F",50,23,10.975,5,0.60055232,-0.33051187,2.6103024,-0.89030004,0.50087798,-0.40773308,0.88690472,0.33333334,-1.26827622670258,-1.38035039327224,0.633635725030131,-0.667504621650672,0.804724641404971,0.325562257348941,-0.118967518768098,-0.764337635789945,-1.20776560256463,-5.99776816698396
119,9.155555556,1.04358312473938,0,0,1,0.376931205,0.720166994,0.633268674,0.593505816,-0.224389402,-0.736602964,0.663460325,0.426321926,-0.237138398,16.66666667,-0.822857142857143,0.233333333333333,0,5,"Churchfields","F",62,57,9.155555556,5,0.29415512,-0.39217487,0.1575198,0.012189478,0.65594721,-0.9413808,0.85119045,0.60714287,1.60318920675161,0.517949333661361,1.04053917785021,1.78293997625114,-1.63062624705744,0.325562257348941,-1.1986587096027,-1.29960760679826,-2.64667112809237,-7.27432554691465
119,9.416666667,0.553799402199733,1,0,1,0.431790361,0.59644936,0.569569218,0.603974761,-0.032341228,-0.368408481,0.570621919,0.536260025,-0.034361893,0,-1.62371428571429,7.18133333333333,0,-5,"Churchfields","F",66,58,9.416666667,5,-0.0036228132,-0.096424401,1.8100396,0.061188683,0.57536829,0.76091468,0.92261904,0.55952382,-0.925477449401778,-1.0962670745968,1.04053917785021,1.78293997625114,-0.81884261756997,2.34404825291238,-0.610670958916702,-0.882290653000001,-2.1996660389862,-7.07693530707146
124,9.172222222,2.03729471377901,0,0,0,0.52622768,0.762490954,0.543151216,0.556658804,-0.325559191,-1.896059878,0.350493007,0.707436577,0.35694357,38.88888889,-1.94714285714286,7.61333333333334,0.6835,0.209999999999999,"Churchfields","M",61,44,9.172222222,6,0.60055232,-0.0034868717,2.0181921,0.25577337,-0.075894862,-0.1257119,0.95833331,0.79761904,-0.113436937480877,0.016487006037692,0.226732272210054,-3.93476408551975,3.24007552986738,-1.69292373821449,-0.632512141845505,-0.699484202157781,-1.41682356615471,-7.48246295839687
124,9.444444444,NA,1,0,0,0.553741721,0.492267581,0.476072024,0.592378092,-0.635204152,-0.870120626,0.521243394,0.552532853,0.026256068,33.33333333,-0.844790426571429,2.954,0.0010416667,-1.135,"Churchfields","M",40,23,9.444444444,4,0.29415512,-0.76251578,0.45528322,-0.2223818,-0.11304215,0.13809741,0.92261904,0.76190472,0.924666794883163,1.12257693280219,0.226732272210054,0.149310244316598,-0.0070589880824997,0.325562257348941,-0.846440349830095,-0.503369322916824,-1.00576573830176,-7.55958844608369
127,7.469444444,0.158911996426582,0,0,0,0.35429995,0.745751465,0.580766766,0.676360187,0.523231872,-0.580871112,0.572658443,0.578890567,0.006232124,66.66666667,0,5,0.6815,0.159999999999999,"Churchfields","M",66,72,7.469444444,6,0.2795296,0.11128208,1.5820314,1.0935236,0.31030294,0.97066408,0.73809528,0.71428573,1.39975103882594,0.353674018346199,0.226732272210054,0.149310244316598,-0.81884261756997,-1.69292373821449,-0.82789658111156,-1.14472312982982,-2.0370558251834,-6.48346706366432
127,7.727777778,NA,1,0,0,0.613016679,0.345310122,0.419465985,0.334031275,-0.82744378,-0.528041252,0.468902956,0.367922359,-0.115021155,0,-0.115714285714286,4.9609375,0,-3.06,"Churchfields","M",80,66,7.727777778,5,-0.38619655,0.86804646,-0.25347769,0.86991501,0.56769645,-0.23242286,0.58333331,0.059523813,0.212683064687765,-1.60688240736697,0.226732272210054,-0.667504621650672,0.804724641404971,0.325562257348941,-1.44302907410019,-0.683818085055133,-1.29907387135862,-7.29979736675816
134,9.530555556,-0.841218192028398,0,0,0,0.677406786,0.114613797,0.486582838,0.352248443,0.055019412,-1.031643917,0.468902956,0.369657371,-0.099245585,38.88888889,-0.486285714285714,5.032,0.6275,0.0199999999999986,"Ray Lodge","F",63,53,9.530555556,5,-0.86407864,1.0476505,0.22741719,-0.89030004,0.50087798,-0.36165273,0.92261904,0.76190472,-0.818235241354873,-1.28880139838441,-1.80778499189033,0.149310244316598,-0.0070589880824997,0.325562257348941,0.0740054129515581,-1.17799543826565,-2.83244834563717,-6.66540059210102
134,9.961111111,NA,1,1,1,2.066741552,0.58018684,0.65799993,0.499221471,0.661159401,-0.595405667,0.482657955,0.45449144,-0.027786148,38.88888889,-1.52724867722857,6.88703703713333,0.60648148145,0.138888888999999,"Ray Lodge","F",79,55,9.961111111,5,-0.92907101,-0.65212369,0.31067395,-0.85713786,-0.10443524,0.2959435,0.80952382,0.059523813,-1.77181623271023,0.517949333661361,-1.80778499189033,-1.48431948761794,1.61650827089244,0.325562257348941,-1.5295285292058,-0.300633553266636,-1.67747032282593,0.0104663466164048
136,8.494444444,2.16842889435146,0,0,0,0.376458229,0.549858174,0.486551587,0.725728851,0.135459077,-0.665322368,0.614778189,0.650009607,0.035231418,38.88888889,-0.658,2.78133333333333,1.084,-2.885,"Ray Lodge","F",41,40,8.494444444,6,-0.063923739,-0.037965398,-1.8709065,0.02079621,0.28189084,0.51573896,0.91666669,0.63095242,-0.706543632777644,-0.974938013362034,-3.02849535035056,-0.667504621650672,0.804724641404971,0.325562257348941,-0.154007812479348,-0.247529496789467,-0.992881334035868,-7.17348992578628
136,NA,NA,1,1,1,2.066741552,0.248354696,0.547513214,0.392915479,0.113763938,-0.065990304,0.423759719,0.490288485,0.066965867,100,-1.16628571428571,6.72066666666667,-0.3195,7.47,"Ray Lodge","F",68,56,10.30277778,6,-0.42315689,-0.80301034,-2.0218849,-0.76545191,-0.35704857,1.2434549,0.95833331,0.11904763,1.99528177090907,2.28028940324566,-3.02849535035056,0.966125110283867,-1.63062624705744,-1.69292373821449,-1.79965901879806,-0.300633553266636,-1.36276981607293,-0.658038003446377
139,8.563888889,NA,0,0,1,0.499559362,0.300467659,0.424497244,0.371076847,-0.306938772,0.481363303,0.507429523,0.359918841,-0.147510682,5.555555556,-0.134285714285714,-4.37333333333333,0.477,0.859999999999999,"Merton Court","M",42,23,8.563888889,6,0.13998108,0.19693238,-0.3806912,-0.043009877,-0.67123616,0.35897309,0.84523809,0.28571427,0.629036195465527,1.13113809779174,-1.40088153907025,-0.667504621650672,-0.0070589880824997,-1.69292373821449,-2.16190439539753,-1.62994057484459,-2.70918289269814,-7.2540530359806
139,NA,NA,1,1,1,1.978282587,0.710363897,0.681504259,0.440348478,0.184067594,-0.281852209,0.497448844,0.462535065,-0.043507482,33.33333333,-0.54,0.233333333333333,0,4.973958333,"Merton Court","M",72,65,8.2,6,0.29415512,-0.19977622,-1.1015543,-0.67934048,0.17715196,1.3293092,0.67261899,0.11904763,-1.7070946194328,0.200540527801456,-1.40088153907025,-1.48431948761794,0.804724641404971,-1.69292373821449,-1.60867095179497,-0.247529496789467,-1.29907387135862,0.0104663466164048
141,10.36388889,NA,0,0,0,0.599659648,0.668816036,0.522004466,0.507235775,0.141529212,0.837066661,0.434245292,0.58202844,0.147783148,61.11111111,-1.14114285714286,6.664,0.6875,0.0849999999999995,"Parkhill","M",48,31,10.36388889,5,0.8531841,1.134486,-0.23530434,0.57892567,-0.067326337,1.3293092,0.84523809,0.72619045,1.73035187340778,1.07622741010074,0.226732272210054,0.149310244316598,-0.0070589880824997,0.325562257348941,-1.30950330544542,-0.644257011615202,-1.83768840111645,-6.88032698333082
141,10.825,NA,1,1,0,1.451193234,0.474456609,0.575891066,0.713453405,0.82302044,-1.577671541,0.663460325,0.515106219,-0.142475124,61.11111111,-0.0098772049999998,4.96420521233333,0.73880267145,-0.476229986000001,"Parkhill","M",72,54,10.825,6,-0.38356438,-1.236575,-0.21237344,-0.67934048,0.26640531,0.61054742,0.88690472,-0.023809522,-0.706543632777644,1.12257693280219,0.226732272210054,-0.667504621650672,0.804724641404971,0.325562257348941,-1.61422244826625,-0.247529496789467,-0.68526872688617,-0.448699625673032
143,7.916666667,0.860495680740925,0,0,0,0.357248228,0.707286954,0.590909412,0.577923435,0.096110275,-1.385080612,0.550006849,0.529544371,-0.020462477,22.22222222,4.41764808571231e-19,-3.33333333333333,0,5,"Parkhill","F",52,37,7.916666667,5,0.59696555,0.057078853,0.4343141,0.58080202,0.46873602,-0.017968953,0.85119045,0.66666669,0.648801377411842,-0.406218077359218,-0.180171180610023,-1.48431948761794,0.804724641404971,-1.69292373821449,-0.636224032983895,-0.838236521894633,-1.86361490632848,-6.63521721419124
143,NA,NA,1,1,0,1.639477776,0.277862449,0.575891066,0.512840682,0.799844026,-1.209576967,0.495339024,0.448296774,-0.039273725,5.555555556,-0.627142857142857,1.80133333333333,0,5,"Parkhill","F",68,64,9.416666667,6,0.73062432,-0.19977622,1.9803083,-1.0781063,0.22680688,1.3756016,0.91666669,0.083333336,-1.83202238459621,0.754784304929573,-0.180171180610023,-0.667504621650672,0.804724641404971,0.325562257348941,-1.99198574776982,0.187707463183747,-0.758689104370638,-0.0200425063660322
150,11.21666667,5.69666496433415,0,0,1,0.392436493,0.532890773,0.491225711,0.559739515,-0.414385703,-1.634051659,0.482657955,0.566947666,0.084289711,16.66666667,-0.988,5.02133333333333,0.337,2.085,"Churchfields","M",58,51,11.21666667,6,-0.32892811,-0.42123914,0.019122656,-0.68240488,-0.37884387,-0.077323318,0.95833331,0.64285713,-1.7070946194328,-0.82573551029661,1.04053917785021,0.149310244316598,-0.81884261756997,-1.69292373821449,-0.809373449528078,-0.810866722200626,-2.1797392629952,-7.45328918788684
150,11.7,NA,1,1,1,2.066741552,0.345310122,0.567338542,0.547193473,0.247764765,-0.887064058,0.428613446,0.529544371,0.089913379,11.11111111,-1.29342176177143,4.3905182142,0.60665653225,0.9014175415,"Churchfields","M",62,32,11.7,6,1.089919,-0.12697195,0.49538645,-0.67934048,-0.10443524,0.51573896,0.92261904,-0.023809522,-0.899701690625592,1.99158606105358,1.04053917785021,1.78293997625114,-1.63062624705744,0.325562257348941,-2.62685099160483,0.187707463183747,-0.679484266590762,-0.704855865592022
152,11.35,0.511659304514568,0,0,0,1.022055175,0.828208067,0.544712913,0.810838399,-0.136748406,-0.217851013,0.464890058,0.865805364,0.400915306,50,-0.306,2.45933333333333,0.68,-5.35,"Parkhill","M",49,48,11.35,7,0.29723218,-0.56119049,2.3271391,0.50088185,0.18202668,-0.23087282,0.95833331,0.58333331,-1.14127887506809,-1.30717741724978,1.04053917785021,-1.48431948761794,0.804724641404971,-1.69292373821449,-0.104810364352345,-0.536493370514569,-1.3840418260666,-7.85064466491692
152,11.8,NA,1,1,0,1.978282587,0.30508083,0.681504259,0.507235775,2.109250758,-1.385080612,0.389106426,0.58202844,0.177767195,83.33333333,0,4.9609375,-0.0019531249499999,4.973958333,"Parkhill","M",68,63,11.8,7,0.4125776,-0.91763669,-1.5934415,-1.0781063,0.57536829,0.080196381,0.92261904,0.11904763,0.648801377411842,3.54885913750523,1.04053917785021,1.78293997625114,-1.63062624705744,0.325562257348941,-2.79631684546954,-0.51273807965587,-0.896765346142981,-1.01416610348619
153,7.908333333,NA,0,0,0,1.123091673,0.000529739,0.410243023,0.311487724,2.109250758,0.414564238,0.410920336,0.412272575,0.001352239,11.11111111,-0.194,3.934,1.191,-4.86,"Parkhill","F",64,43,7.908333333,5,-0.72647041,0.15187658,0.073642731,0.035651863,-0.35704857,-0.65148044,0.54761904,0.33333334,-0.709501440702653,-0.144588040735609,-0.180171180610023,-0.667504621650672,-0.0070589880824997,-1.69292373821449,-2.35972128436485,-1.58444239691827,-2.83338979907535,-7.95342172188486
153,NA,NA,1,1,0,1.639477776,0.58018684,0.659004693,0.760513683,-0.136748406,-0.595405667,0.661506607,0.758033479,0.086153414,5.555555556,-1.54828571428571,9.62,0.498,-1.135,"Parkhill","F",64,63,10.6,6,0.063949138,-0.39217487,-0.23530434,-0.67934048,-1.2685349,1.2434549,0.67261899,0.083333336,-0.818235241354873,3.54885913750523,-0.180171180610023,-0.667504621650672,0.804724641404971,0.325562257348941,-0.958783010692627,0.187707463183747,-0.315230359816453,0.0611404493951081
156,10.18888889,-0.736343496866069,0,0,0,0.833976228,0.784068072,0.547513214,0.320737613,0.018235598,-0.258061291,0.54073862,0.270472481,-0.270266139,0,-0.144,-1.68933333333333,0.603,0.979999999999999,"Broadfields","M",59,57,10.18888889,5,-0.22939122,0.17205656,-1.1579516,-0.55068839,-0.86118209,-1.346681,0.70238096,0.30952379,-0.952570217750469,0.374914376006595,-1.80778499189033,-0.667504621650672,0.804724641404971,0.325562257348941,-0.0980337402713655,-1.16042388073694,-2.54952329287397,-6.72996461867663
156,10.53055556,NA,1,1,0,2.066741552,0.536500751,0.671671,0.422117207,0.584495969,0.520969038,0.495339024,0.453805827,-0.045960238,66.66666667,-1.23288690485714,6.60677083366667,0,4.908854167,"Broadfields","M",62,52,10.53055556,5,-0.95983237,-0.60420799,-0.31264296,-0.76545191,-0.23871534,1.3756016,0.95833331,0.059523813,-1.14127887506809,1.62831684149488,-1.80778499189033,-1.48431948761794,1.61650827089244,0.325562257348941,-2.00121307269625,-0.51273807965587,-0.529135961681448,-0.38121500547915
160,8.755555556,NA,0,0,1,0.495362691,0.560816256,0.476072024,0.47486627,-0.309767681,-1.577671541,0.521248992,0.453805827,-0.067443165,0,0.252,-2.95866666666667,0.7025,-0.670000000000001,"St. James","F",58,23,8.755555556,6,0.75773346,-0.26534259,-0.94406527,0.45094258,0.046315551,1.2434549,0.77976191,0.33333334,0.212683064687765,0.0169836551962155,0.633635725030131,-0.667504621650672,-0.0070589880824997,-1.69292373821449,-0.846440349830095,-0.264011258965604,-0.789915387834531,-6.02472864083384
160,9.2,NA,1,1,1,1.981686852,0.719282215,0.65799993,0.485192035,1.216964757,0.481363303,0.43397935,0.515106219,0.086153414,5.555555556,-0.680338117028571,-0.4804255184,-0.7520621469,6.9841777865,"St. James","F",72,79,9.2,6,0.022193793,-1.2823398,0.95068389,-0.85713786,-0.022686765,0.51573896,0.92261904,0.11904763,-0.649215666763715,1.62831684149488,0.633635725030131,-1.48431948761794,0.804724641404971,-1.69292373821449,-1.31893319339429,-0.51273807965587,-1.29907387135862,0.0611404493951081
161,10.275,-0.686542081340038,0,0,1,0.650214303,0.746667434,0.691319149,0.72717413,0.116650486,-1.375643179,0.611127557,0.614081326,0.002953769,5.555555556,-1.12828571428571,1.16733333333333,0.3115,2.36,"St. James","F",47,41,10.275,6,0.58246946,0.03433311,-0.30659962,0.48962158,-0.083329588,-0.73315763,0.95833331,0.41666666,-1.15827791614715,-0.916314529491789,-0.993978086250176,0.149310244316598,-0.0070589880824997,0.325562257348941,-0.0798888499918964,-1.12167756159911,-2.76870619497556,-6.63772049471184
161,10.75833333,NA,1,1,1,2.066741552,0.519165737,0.575891066,0.563527942,-0.431824982,-1.145567207,0.521243394,0.453988225,-0.061261007,100,-0.424107142885714,5.62934027793333,1.49153645835,-9.5247395835,"St. James","F",62,69,10.75833333,6,0.45979345,-0.52303064,-1.7334403,-0.76545191,-0.51225978,0.51573896,0.67261899,0.26190478,-0.693429559554982,1.99158606105358,-0.993978086250176,-0.667504621650672,0.804724641404971,0.325562257348941,-1.77370326604513,-0.425547807945074,-1.69533758837972,-0.877020541848914
165,7.483333333,NA,0,0,0,0.452905379,0.344302519,0.487186565,0.326458462,0.091346701,-0.887064058,0.467538139,0.357120416,-0.110417723,94.44444444,0,5,1.5,-5,"St. James","F",62,69,7.483333333,5,-0.82625425,0.57442242,-1.8527331,-0.34963375,1.2013607,-0.63908142,0.73809528,0.14285713,2.11458704746718,-0.195416634932332,1.04053917785021,-0.667504621650672,0.804724641404971,0.325562257348941,-0.772343376043115,-0.683818085055133,-1.53061113188813,-7.32942176642831
165,7.927777778,NA,1,1,1,1.682977546,0.886894222,0.575891066,0.760513683,0.314598067,-0.33007301,0.657403454,0.68907852,0.026256068,100,-0.552903404314286,5.6728725026,0.4764279305,1.143935589,"St. James","F",80,61,7.927777778,5,-0.37780917,-0.42123914,-0.84915626,-0.85713786,-0.10443524,1.2473009,0.73809528,-0.023809522,-0.113436937480877,1.62831684149488,1.04053917785021,-1.48431948761794,0.804724641404971,-1.69292373821449,-1.42021257932335,-0.300633553266636,-1.2953297257458,-0.668706815714936
168,9.002777778,NA,0,0,0,0.65516029,0.294158329,0.379297489,0.629751083,0.247764765,-1.165894448,0.68076341,0.448296774,-0.232466635,66.66666667,-1.26228571428571,5.97466666666667,0.6275,0.0549999999999983,"Merton Court","M",62,62,9.002777778,6,-0.062314138,0.14876474,1.1276975,-0.041333701,0.52611279,0.52822828,0.91666669,0.79761904,-0.955138176034357,-1.60688240736697,-1.40088153907025,-0.667504621650672,0.804724641404971,0.325562257348941,-1.17382282727199,-0.692003670000887,-1.7769841836459,-7.21255471560658
168,NA,NA,1,1,0,1.451193234,0.643875613,0.681504259,0.733444415,0.799844026,-0.791103884,0.613518854,0.544447904,-0.061604984,50,-1.54828571428571,5.908,1.5,-5,"Merton Court","M",72,53,10.975,5,0.21789876,-1.2823398,0.32806972,-0.85713786,-0.11304215,1.3756016,0.76190472,0.059523813,-0.952570217750469,1.07420479891609,-1.40088153907025,-0.667504621650672,0.804724641404971,0.325562257348941,-1.56280042965259,-0.247529496789467,-1.49626921432846,-0.704855865592022
170,8.925,NA,0,0,0,0.708709457,0.719282215,0.631924647,0.494552756,0.394565095,-0.779387056,0.539909767,0.458367723,-0.081542044,11.11111111,-1.51428571428571,5.50333333333333,1.464,-6.14,"Broadfields","F",69,62,8.925,6,0.30052531,0.56981242,-0.25347769,-0.15806302,0.41788915,1.3756016,0.92261904,0.75,-0.618426074783273,-1.04378781351282,0.633635725030131,0.149310244316598,-0.0070589880824997,0.325562257348941,-0.76601033077995,-0.731337142960604,-1.30806251285032,-7.31210865801514
170,9.291666667,NA,1,1,0,1.08197406,0.643875613,0.671671,0.287378094,0.758670401,-1.62966066,0.428613446,0.371157717,-0.060511094,33.33333333,-1.74925595234286,5.44097222186667,0.7877604166,-1.458333333,"Broadfields","F",68,68,9.291666667,6,-0.36429727,-0.15271182,0.89144379,-0.76545191,0.50087798,1.2831836,0.95833331,0.11904763,-0.113436937480877,2.28028940324566,0.633635725030131,1.78293997625114,-1.63062624705744,0.325562257348941,-1.30016986346377,-0.300633553266636,-0.718288472966277,-0.16370442087511
171,8.041666667,-0.357341388815004,0,0,0,0.795328346,0.379540925,0.403130111,0.334031275,0.660490609,-0.804567222,0.479324711,0.335261941,-0.14406277,33.33333333,-0.754,4.89066666666667,0.477,1.105,"Merton Court","M",73,46,8.041666667,5,-0.3294217,0.018704951,0.45528322,0.33862844,0.26640531,-0.58046162,0.95833331,0.75,0.738027724036621,0.309065611140704,0.633635725030131,-0.667504621650672,0.804724641404971,0.325562257348941,-1.0523356295466,-1.45718542992319,-2.50479097309338,-7.46578998566708
171,8.425,NA,1,1,0,1.978282587,0.839617214,0.681504259,0.706414797,0.570020489,-1.62966066,0.663460325,0.622232881,-0.039273725,0,-0.866285714285714,-0.284666666666666,0,5,"Merton Court","M",68,56,8.425,6,0.73706222,-0.28151238,-0.14804985,-0.76545191,0.83921194,1.3031067,0.76190472,0.059523813,-1.15827791614715,-0.0135530258511145,0.633635725030131,-0.667504621650672,-0.0070589880824997,-1.69292373821449,-1.52049849615249,-0.51273807965587,-1.49626921432846,-0.16370442087511
172,7.802777778,3.29619405979043,0,0,0,0.619304822,0.031231146,0.388505488,0.536063982,-1.026543711,-1.009617252,0.545508589,0.491152636,-0.054355953,100,-0.115714285714286,5.20333333333333,0,5,"Broadfields","M",58,46,7.802777778,6,-0.39998904,-0.24906962,-1.2037156,0.097152263,-0.24840295,-0.49991754,0.95833331,0.95833331,-0.0415098211645902,-0.0135530258511145,-2.21468844471041,0.149310244316598,-0.0070589880824997,0.325562257348941,-0.379007048916963,-0.404035515393944,-1.2706028866237,-7.60434098552989
172,8.2,NA,1,1,0,1.981686852,0.617607072,0.681504259,0.547193473,0.799844026,0.089196451,0.477482037,0.568811479,0.084289711,66.66666667,-0.491534429771428,0.337654654866666,0.63796290645,-0.9074069835,"Broadfields","M",79,60,8.2,6,0.012295486,-1.0780438,-1.1185812,-0.67934048,0.0011588037,1.3756016,0.92261904,0.11904763,-0.955138176034357,2.28028940324566,0.226732272210054,0.966125110283867,-1.63062624705744,-1.69292373821449,-1.99198574776982,-0.247529496789467,-0.303365935152709,-0.0200425063660322
176,9.141666667,1.04853044193704,0,0,0,0.448128931,0.588746711,0.535430003,0.506012914,-0.171417779,-0.919981559,0.4437628,0.559316938,0.115554138,38.88888889,-0.680285714285714,5.37266666666667,0.5155,0.754999999999999,"Broadfields","M",40,31,9.141666667,6,-0.056257058,-0.17155567,-0.23530434,0.24150276,0.054187521,0.46893468,0.92261904,0.5,-0.473300816721863,-0.470300262513297,-0.587074633430099,0.149310244316598,-0.0070589880824997,0.325562257348941,-0.268371823662407,-0.505784366354278,-1.49626921432846,-6.81609138456209
176,9.519444444,NA,1,1,0,0.868164535,0.489282374,0.681504259,0.404604354,0.570020489,-0.870120626,0.397057484,0.412272575,0.006232124,50,-1.47777774145714,4.98086423526667,1.39537048335,-5.467592875,"Broadfields","M",68,41,9.519444444,5,-0.71496958,-1.0780438,1.7249054,-0.67934048,-0.23871534,1.2831836,0.92261904,0.083333336,-1.26827622670258,1.12257693280219,-0.587074633430099,0.149310244316598,-0.0070589880824997,0.325562257348941,-0.976599068383547,-0.51273807965587,-0.492575091347149,-0.185461990466079
177,7.425,-0.793735613572054,0,0,0,0.510128647,0.11262784,0.440506154,0.319653334,0.053119135,-0.800576674,0.43166881,0.371157717,-0.060511094,5.555555556,-0.708857142857143,-1.564,0.0149999999999999,4.9,"Merton Court","M",48,63,7.425,5,-0.059877381,-0.18841195,-0.78050506,0.38294998,-0.37705484,-0.51476663,0.77976191,0.11904763,3.39871604799735,2.68002976157896,-1.40088153907025,1.78293997625114,-1.63062624705744,0.325562257348941,-0.976632960880317,-1.58250708258821,-2.87458107198984,-7.59753568731961
177,7.913888889,NA,1,1,1,1.978282587,0.491818486,0.691319149,0.494552756,0.523231872,-0.644656055,0.482657955,0.508038791,0.021273231,16.66666667,-1.42916666662857,1.6699074072,0.0010416667,4.9618055555,"Merton Court","M",68,77,7.913888889,5,0.60055232,-0.14672166,-0.25347769,-0.76545191,0.039962474,1.2831836,0.95833331,0.11904763,-1.14127887506809,1.07622741010074,-1.40088153907025,1.78293997625114,-1.63062624705744,0.325562257348941,-2.29374614432684,-0.666729867315579,-2.17167882314625,-0.658038003446377
184,7.305555556,0.51432379858443,0,0,1,0.382539662,0.717851322,0.386569162,0.303836768,-0.193416151,-0.492764359,0.462443346,0.367922359,-0.094520987,5.555555556,-1.916,4.54933333333333,0,5,"Merton Court","F",66,52,7.305555556,4,-0.86686856,0.86804646,-0.76233172,0.15022206,0.66546535,-0.80393147,0.95833331,0.16666666,1.19303088494184,0.36262258211947,-0.180171180610023,0.149310244316598,-0.0070589880824997,0.325562257348941,-1.1153601460786,-1.29433570166654,-2.87096238659804,-6.99818726974622
184,7.680555556,NA,1,1,1,1.682977546,0.829314288,0.575891066,0.528113843,-0.344481723,-0.047430309,0.453007893,0.490288485,0.043038102,100,-1.07028571428571,7.18133333333333,0,5,"Merton Court","F",72,64,7.680555556,6,0.72370988,-0.18841195,-0.33624145,-0.76545191,0.18202668,0.51573896,0.95833331,0.059523813,-0.00155718467900384,2.69859445788169,-0.180171180610023,-0.667504621650672,0.804724641404971,0.325562257348941,-0.958783010692627,-0.247529496789467,-0.758689104370638,-0.16370442087511
187,9.872222222,NA,0,0,1,1.978282587,0.761978376,0.643590911,0.299910153,0.242232679,0.007008963,0.250887114,0.568811479,0.317924365,66.66666667,-0.824,4.914,1.0905,-4.14,"Newland House","M",62,60,9.872222222,6,-0.027092922,0.23078066,-0.70781165,-0.93686801,-0.47577065,0.093710132,0.95833331,0.88095242,-1.23008294909991,-0.230532058632464,-0.180171180610023,-0.667504621650672,-0.0070589880824997,-1.69292373821449,-1.12200324145869,-0.973534856218631,-1.96389038851973,-7.36619929699612
187,10.19722222,NA,1,1,1,1.123091673,0.317531097,0.65799993,0.626593555,0.491426947,-1.634051659,0.551775555,0.479048589,-0.071208162,100,-0.844790426571429,6.28369791666667,1.25005859375,-6.540625,"Newland House","M",80,66,10.19722222,7,0.21789876,-1.162601,-1.5001835,-0.85713786,0.046315551,1.2831836,0.88690472,0.083333336,-1.04068777574484,2.43195296132381,-0.180171180610023,1.78293997625114,-1.63062624705744,0.325562257348941,-1.25182538624532,0.187707463183747,-0.254444524414813,-0.373928911256559
188,6.988888889,0.19882847827561,0,0,0,0.557972402,0.536500751,0.45419643,0.563527942,-0.82744378,-0.244025051,0.497448844,0.572335132,0.074886289,27.77777778,1.90057142857143,-6.512,1.411,-5,"Newland House","F",64,61,6.988888889,4,-0.71287435,0.67985165,-0.21713099,0.7058934,0.50055516,-0.23710731,0.73809528,0.57142854,1.7200133996106,0.754784304929573,1.04053917785021,-0.667504621650672,0.804724641404971,0.325562257348941,-1.56280042965259,-1.72131145793137,-2.15164591742876,-7.52179912539405
188,7.336111111,NA,1,1,0,1.682977546,0.248354696,0.65799993,0.499221471,1.216964757,-1.145567207,0.467538139,0.453805827,-0.005024751,94.44444444,0.672486772371429,0.0753086421999995,1.6398148148,-9.2777777775,"Newland House","F",62,63,7.336111111,6,-0.38298848,-1.1666828,-0.69290954,-0.67934048,1.2899458,1.3293092,0.92261904,-0.023809522,-0.0249531293959454,1.07622741010074,1.04053917785021,-1.48431948761794,0.804724641404971,-1.69292373821449,-1.79965901879806,-0.300633553266636,-0.203834322277087,-0.252655978888233
189,10.28888889,NA,0,0,1,0.868164535,0.886894222,0.496615452,0.856616445,0.183682959,-0.312784418,0.562701721,0.879785153,0.317083432,50,-1.512,5.292,0.744,-0.815000000000001,"Newland House","M",62,55,10.28888889,6,-0.072187267,0.45853901,0.33226368,-0.2223818,-1.3059661,-0.40773308,0.88095242,0.71428573,-0.00155718467900384,1.62831684149488,1.04053917785021,-0.667504621650672,0.804724641404971,0.325562257348941,-0.856186807946042,-1.29433570166654,-3.22878655097672,-7.93741671206633
189,10.63333333,NA,1,1,0,1.08197406,0.114613797,0.671671,0.382720405,0.113763938,0.089196451,0.521248992,0.371157717,-0.150773895,100,-0.289682539714286,5.675925926,0.7453703704,-0.490740741000001,"Newland House","M",55,56,10.63333333,7,-0.95983237,-1.0349877,1.9576058,-0.76545191,0.56769645,1.3293092,0.95833331,0.26190478,-0.825737728368534,1.07622741010074,1.04053917785021,-0.667504621650672,0.804724641404971,0.325562257348941,-0.85549347015631,-0.247529496789467,0.798074456746212,-0.0273450459232008
193,10.48611111,NA,0,0,0,0.433003765,0.519165737,0.491737307,0.422117207,0.173996491,-0.26912119,0.397749543,0.515106219,0.117356676,38.88888889,-1.012,5.26866666666667,1.051,-3.06,"Broadfields","M",42,61,10.48611111,6,-0.059367813,0.329597,0.20085622,-0.57274747,0.21240267,0.18723479,0.88690472,0.023809522,-0.838244590028228,-1.03288041518977,-2.21468844471041,-1.48431948761794,0.804724641404971,-1.69292373821449,-1.05285917453986,-0.757194509519888,-1.68528722471754,-7.34911733199966
193,NA,NA,1,1,1,1.978282587,0.549858174,0.681504259,0.512840682,-0.259168489,-1.145567207,0.492307937,0.519318887,0.028153862,66.66666667,1.90057142857143,-7.228,0.60665653225,4.9618055555,"Broadfields","M",79,68,6.747222222,5,0.31115615,-0.0034868717,-1.1579516,-0.67934048,-0.8902179,1.2831836,0.80952382,0.083333336,-1.26827622670258,3.10994380414293,-2.21468844471041,-0.667504621650672,-0.0070589880824997,-1.69292373821449,-1.99198574776982,-0.300633553266636,-1.3840418260666,-0.658038003446377
195,10.37222222,0.633935320928099,0,0,0,0.445750126,0.349608743,0.394228788,0.610912862,-0.074491139,-0.851411347,0.663102599,0.444257295,-0.218845304,27.77777778,-0.728285714285714,5.05066666666667,0.37,2.365,"Merton Court","M",58,64,10.37222222,6,-0.064547539,-0.020363122,-0.70781165,-0.13663697,0.68948877,-0.98071313,0.95833331,0.71428573,1.20631869917477,0.368332410724507,-0.587074633430099,0.149310244316598,-0.0070589880824997,0.325562257348941,-0.375349484203541,-0.686122565622981,-1.38253731224218,-7.99652297191026
195,NA,NA,1,1,1,1.978282587,0.710363897,0.65799993,0.725728851,0.289478365,1.064614768,0.613518854,0.679020914,0.062150405,11.11111111,-2.28571428571429,6.664,0.60648148145,-2.885,"Merton Court","M",79,72,9.844444444,5,-0.38537291,-1.0780438,-0.7986784,-0.76545191,-0.083329588,1.3031067,0.85119045,0.26190478,-1.27210517205658,2.43195296132381,-0.587074633430099,0.966125110283867,-0.81884261756997,0.325562257348941,-3.06208843865046,-0.51273807965587,-0.679484266590762,-0.185461990466079
196,8.608333333,1.30317945318239,0,0,0,1.381508947,0.868365517,0.65799993,0.718294984,0.382585137,-0.281852209,0.573206039,0.68040961,0.107203571,88.88888889,-1.48628571428571,7.36533333333333,0,5,"Orley Farm","M",64,52,8.608333333,5,-0.43561584,-0.4433766,0.90961719,0.20825727,-0.14834014,-0.62286592,0.95833331,0.33333334,1.26445526458967,1.11810709037547,0.498001241299311,-0.667504621650672,0.804724641404971,0.325562257348941,-0.53902427793023,-0.686122565622981,-1.87502773841107,-7.08618036521811
196,9.458333333,NA,1,1,0,1.981686852,0.573857399,0.65799993,0.510368806,-0.344481723,1.064614768,0.524378991,0.552532853,0.0229256,83.33333333,-0.932835342759957,6.75878233607999,0.0588805228645228,4.5651468936445,"Orley Farm","M",62,56,9.458333333,4,-0.42315689,-0.48003912,-1.1015543,-1.3106481,0.32012576,1.2434549,0.91666669,0.083333336,-1.7070946194328,0.754784304929573,0.498001241299311,-1.48431948761794,3.24007552986738,2.34404825291238,-0.859186904779617,-0.51273807965587,-0.315230359816453,-0.458872638356475
202,11.23611111,-0.523643127674058,0,0,1,1.296684287,0.839617214,0.514458123,0.893768453,0.758670401,-0.065990304,0.79746419,0.840502292,0.043038102,11.11111111,-0.576,3.64933333333333,0.4455,1.42,"Newland House","F",63,54,11.23611111,7,-0.43897238,-0.2758123,-0.56242478,-0.81456506,0.55110812,-0.56533378,0.88095242,0.4642857,-1.33908451602974,-1.75600158999998,1.04053917785021,-0.667504621650672,-0.0070589880824997,-1.69292373821449,-0.587138306429849,-1.24904176769351,-2.72556262618684,-6.709662955948
202,NA,NA,1,1,1,1.451193234,0.308186558,0.65799993,0.523509158,2.109250758,-0.219548817,0.453007893,0.431408388,-0.020462477,100,-1.114,7.762,0,2.085,"Newland House","F",79,75,9.458333333,6,-0.059367813,-1.0780438,-1.8709065,-1.3106481,0.85756409,0.74302757,0.91666669,0.26190478,-0.704107216415497,0.23134165454976,1.04053917785021,-0.667504621650672,0.804724641404971,0.325562257348941,-1.31893319339429,-0.51273807965587,-2.17167882314625,-0.704855865592022
210,8.666666667,NA,0,1,1,0.682308006,0.277862449,0.499936802,0.630908452,0.021813568,-1.319046225,0.397057484,0.704235996,0.307178512,22.22222222,-0.999761788342857,3.99222249286667,0.48875,-0.949999237000001,"Orley Farm","M",68,65,8.666666667,5,0.18621939,-0.12697195,-0.25347769,0.7881071,-0.44627723,0.51573896,0.54761899,0.083333336,-0.818235241354873,1.99158606105358,0.633635725030131,1.78293997625114,-1.63062624705744,0.325562257348941,-3.06208843865046,-0.247529496789467,-0.789915387834531,-0.562286169006338
210,9.002777778,NA,1,1,1,0.79707225,0.761978376,0.671671,0.311487724,0.021813568,-0.390988596,0.350493007,0.412272575,0.06332506,33.33333333,-1.916,5.44097222186667,0.7453703704,0.385000000000001,"Orley Farm","M",80,62,9.002777778,6,-0.92581767,-0.020363122,-0.6588558,-0.67934048,0.31030294,1.3293092,0.92261904,0.083333336,-0.925477449401778,1.11810709037547,0.633635725030131,0.149310244316598,-0.81884261756997,-1.69292373821449,-1.52049849615249,0.187707463183747,-0.0215315240493756,0.0104663466164048
